Descarga,Lyric,Style
https://cdn.discordapp.com/attachments/1135911532732108921/1182254072779264000/chirp.mp4?ex=658406e8&amp,"Get down and get silly,
With Babs, Nick and Lilly,
Get down,
Get Silly,
With Babs, Nick and Lilly",['reggae']
https://cdn.discordapp.com/attachments/1135911532732108921/1182254074029162606/chirp.mp4?ex=658406e8&amp,"Get down and get silly,
With Babs, Nick and Lilly,
Get down,
Get Silly,
With Babs, Nick and Lilly",['reggae']
https://cdn.discordapp.com/attachments/1135911532732108921/1182254132095098892/chirp.mp4?ex=658406f6&amp,"Get down and get silly,
With Babs, Nick and Lilly,
Get down,
Get Silly,
With Babs, Nick and Lilly",['reggae']
https://cdn.discordapp.com/attachments/1135911532732108921/1182254147668557824/chirp.mp4?ex=658406fa&amp,"Get down and get silly,
With Babs, Nick and Lilly,
Get down,
Get Silly,
With Babs, Nick and Lilly",['reggae']
https://cdn.discordapp.com/attachments/1135911532732108921/1182254365071900713/chirp.mp4?ex=6584072d&amp,"Get down and get silly,
With Babs, Nick and Lilly,
Get down,
Get Silly,
With Babs, Nick and Lilly",['reggae']
https://cdn.discordapp.com/attachments/1135911532732108921/1182254338098339870/chirp.mp4?ex=65840727&amp,"Get down and get silly,
With Babs, Nick and Lilly,
Get down,
Get Silly,
With Babs, Nick and Lilly",['reggae']
https://cdn.discordapp.com/attachments/1135911532732108921/1182254338542936144/chirp.mp4?ex=65840727&amp,"Get down and get silly,
With Babs, Nick and Lilly,
Get down,
Get Silly,
With Babs, Nick and Lilly",['reggae']
https://cdn.discordapp.com/attachments/1135911532732108921/1182254691992735794/chirp.mp4?ex=6584077b&amp,"Guclu olmayi istedik rabbim sorunlari cozmem icin beni yasama bagladi

[Verse]
Allah, the One who guides us on our way
In every moment, in every part of the day
His love and mercy, forever shining bright
He listens to our prayers, both day and night

[Chorus]
Allah, oh Allah, we seek Your love
You're the One we adore, the Mighty above
Guide us through darkness, and show us the light
Allah, oh Allah, be with us day and night",['pop']
https://cdn.discordapp.com/attachments/1135911532732108921/1182254693125206086/chirp.mp4?ex=6584077c&amp,"Guclu olmayi istedik rabbim sorunlari cozmem icin beni yasama bagladi

[Verse]
Allah, the One who guides us on our way
In every moment, in every part of the day
His love and mercy, forever shining bright
He listens to our prayers, both day and night

[Chorus]
Allah, oh Allah, we seek Your love
You're the One we adore, the Mighty above
Guide us through darkness, and show us the light
Allah, oh Allah, be with us day and night",['pop']
https://cdn.discordapp.com/attachments/1135911532732108921/1182255420425908294/chirp.mp4?ex=65840829&amp,"ruh ateş su ask

[Verse]
Özgüne bir müzik rahat slot
Kalbimizde hissederiz her not
Sözlerinle tınılanır bir umut
Ruhumuzda titrer, bitmez bu sıcak

[Chorus]
Ruhumuzun bitmeyen ateşi
Yüreğimizde yanar en derinde
Özgürce dans ederiz hissiyatla
Sonsuz bir müziğe eşlik ederiz biz",['ruhumuzun bitmeyen atesi']
https://cdn.discordapp.com/attachments/1135911532732108921/1182255421055049809/chirp.mp4?ex=65840829&amp,"ruh ateş su ask

[Verse]
Özgüne bir müzik rahat slot
Kalbimizde hissederiz her not
Sözlerinle tınılanır bir umut
Ruhumuzda titrer, bitmez bu sıcak

[Chorus]
Ruhumuzun bitmeyen ateşi
Yüreğimizde yanar en derinde
Özgürce dans ederiz hissiyatla
Sonsuz bir müziğe eşlik ederiz biz",['ruhumuzun bitmeyen atesi']
https://cdn.discordapp.com/attachments/1135911532732108921/1182255767567482932/chirp.mp4?ex=6584087c&amp,"тьма заволокла белый свет
скотились слезы в лужу
и в серце все тает как снег
и просится истина наружу
погоди немного будем счаслива жить
каждый день все утверждают
многим не нужна жизнь
а скольк5о тех кто цены ее непонимают
и собралось не мало людей
обсудить какуюто чуш
я не человек лиш тупой зверь
и признать это не боюсь
улыбайся сквозь слезы
так учил наш мир
жить хорошо поздно
любовь как кислый кефир
кто то задыхается кто то умирает
снова начинается никто не замечает","['Female Vocal</span><span>, punk</span><span>, punk']"
https://cdn.discordapp.com/attachments/1135911532732108921/1182255768322453584/chirp.mp4?ex=6584087c&amp,"тьма заволокла белый свет
скотились слезы в лужу
и в серце все тает как снег
и просится истина наружу
погоди немного будем счаслива жить
каждый день все утверждают
многим не нужна жизнь
а скольк5о тех кто цены ее непонимают
и собралось не мало людей
обсудить какуюто чуш
я не человек лиш тупой зверь
и признать это не боюсь
улыбайся сквозь слезы
так учил наш мир
жить хорошо поздно
любовь как кислый кефир
кто то задыхается кто то умирает
снова начинается никто не замечает","['Female Vocal</span><span>, punk</span><span>, punk']"
https://cdn.discordapp.com/attachments/1135911532732108921/1182256922888507452/chirp.mp4?ex=6584098f&amp,"[Verse 1]
Deeznuts flowin', you know I'm in control
Got the rhyme schemes that penetrate right to your soul
Steppin' up, haters wanna bring me down
But I'm too real, watch me flip that crown

[Chorus]
Deeznuts droppin', got the game locked tight
We keep it movin', shinin' under the spotlight
Can't deny, we bringin' that fire, no doubt
Deeznuts takin' over, we got clout

(Song complete",['hip hop']
https://cdn.discordapp.com/attachments/1135911532732108921/1182256923421188136/chirp.mp4?ex=6584098f&amp,"[Verse 1]
Deeznuts flowin', you know I'm in control
Got the rhyme schemes that penetrate right to your soul
Steppin' up, haters wanna bring me down
But I'm too real, watch me flip that crown

[Chorus]
Deeznuts droppin', got the game locked tight
We keep it movin', shinin' under the spotlight
Can't deny, we bringin' that fire, no doubt
Deeznuts takin' over, we got clout

(Song complete",['hip hop']
https://cdn.discordapp.com/attachments/1135911532732108921/1182257144813330462/chirp.mp4?ex=658409c4&amp,"лиш тупой зверь
и признать это не боюсь
улыбайся сквозь слезы
так учил наш мир
жить хорошо поздно
любовь как кислый кефир
кто то задыхается кто то умирает
снова начинается никто не замечает
в моей душе злость сожрала всю радость
и тупо говорю пришлось и чуствую скоро старость
дошли мы все до ручьки
начали красть сами в себя
и над страной чорные тучьки
плывут вроде весна","['Female Vocal</span><span>, punk</span><span>, Haunted house </span><span>, Techno']"
https://cdn.discordapp.com/attachments/1135911532732108921/1182257145547329617/chirp.mp4?ex=658409c4&amp,"лиш тупой зверь
и признать это не боюсь
улыбайся сквозь слезы
так учил наш мир
жить хорошо поздно
любовь как кислый кефир
кто то задыхается кто то умирает
снова начинается никто не замечает
в моей душе злость сожрала всю радость
и тупо говорю пришлось и чуствую скоро старость
дошли мы все до ручьки
начали красть сами в себя
и над страной чорные тучьки
плывут вроде весна","['Female Vocal</span><span>, punk</span><span>, Haunted house </span><span>, Techno']"
https://cdn.discordapp.com/attachments/1135911532732108921/1182258104008716288/chirp.mp4?ex=65840aa9&amp,"[verse]
In the black of night, where fright takes hold
Creatures lurking, secrets to unfold
Haunted animatronics, shadows arise
A haunting melody, sending shivers down my spine

[chorus]
Five Nights at Freddy's, a nightmare come true
Survive the horrors, they're after you
Lock the doors, keep your flashlight bright
Beware the animatronics, they'll haunt you tonight",['Rock music']
https://cdn.discordapp.com/attachments/1135911532732108921/1182258104625270864/chirp.mp4?ex=65840aa9&amp,"[verse]
In the black of night, where fright takes hold
Creatures lurking, secrets to unfold
Haunted animatronics, shadows arise
A haunting melody, sending shivers down my spine

[chorus]
Five Nights at Freddy's, a nightmare come true
Survive the horrors, they're after you
Lock the doors, keep your flashlight bright
Beware the animatronics, they'll haunt you tonight",['Rock music']
https://cdn.discordapp.com/attachments/1135911532732108921/1182258722446258176/chirp.mp4?ex=65840b3c&amp,"[Verse]
In dimly lit halls, we face our fears
As animatronic monsters draw near
Their haunting eyes, a menacing glow
Surviving the night, we won't let go

[Chorus]
Five Nights at Freddy's, the terror unfolds
In this haunted world, where nightmares behold
We're trapped in this nightmare, fighting back the fright
Locked in this rock song, we'll make it through the night",['Rock']
https://cdn.discordapp.com/attachments/1135911532732108921/1182258723054436394/chirp.mp4?ex=65840b3c&amp,"[Verse]
In dimly lit halls, we face our fears
As animatronic monsters draw near
Their haunting eyes, a menacing glow
Surviving the night, we won't let go

[Chorus]
Five Nights at Freddy's, the terror unfolds
In this haunted world, where nightmares behold
We're trapped in this nightmare, fighting back the fright
Locked in this rock song, we'll make it through the night",['Rock']
https://cdn.discordapp.com/attachments/1135911532732108921/1182259810209644544/chirp.mp4?ex=65840c40&amp,"Давай здіймы свій хід думок
Через сміх . триста шістдесят п'ять разив схид сонця
Осінь буде знову . Вибухне як наднова
Ти пам'ятаєш це слово
Кристал візьму раптово
Кілометрова напівпровідникÓва
Дорога цвіте цією весною
А кров у роті знайома
І сніг, як грім, немов бив громом
Осінь яка пороша кожен раз відкоша небезпек
На радіохвилі четвертий мототрек
Всі плачуть джергочуть горять
П'ють отруту пустоти смути дзеленчать
Неважливо вони порожні назавжди
Всі до пизди, все до пизди","['Female Vocal</span><span>, punk</span><span>, Haunted house </span><span>, ska']"
https://cdn.discordapp.com/attachments/1135911532732108921/1182259811010752532/chirp.mp4?ex=65840c40&amp,"Давай здіймы свій хід думок
Через сміх . триста шістдесят п'ять разив схид сонця
Осінь буде знову . Вибухне як наднова
Ти пам'ятаєш це слово
Кристал візьму раптово
Кілометрова напівпровідникÓва
Дорога цвіте цією весною
А кров у роті знайома
І сніг, як грім, немов бив громом
Осінь яка пороша кожен раз відкоша небезпек
На радіохвилі четвертий мототрек
Всі плачуть джергочуть горять
П'ють отруту пустоти смути дзеленчать
Неважливо вони порожні назавжди
Всі до пизди, все до пизди","['Female Vocal</span><span>, punk</span><span>, Haunted house </span><span>, ska']"
https://cdn.discordapp.com/attachments/1135911532732108921/1182261158330249307/chirp.mp4?ex=65840d81&amp,"עוד יבואו ימים טובים אני מבטיח
עוד יבואו ימים טובים


גם בשעות החשוכות של הלילה
תמיד יהיה כוכב קטן שיאיר לך
את עצמך את הדרך הביתה
תמיד זה הכי חשוך לפני הזריחה
מיליון רכבות דוהרות עד אוסטרליה
מחפש רחוק את מה שנמצא לך
מתחת לאף כל מכשול זה מדליה
קם ונופל אבל בדרך שלך",['random']
https://cdn.discordapp.com/attachments/1135911532732108921/1182261158934233088/chirp.mp4?ex=65840d81&amp,"עוד יבואו ימים טובים אני מבטיח
עוד יבואו ימים טובים


גם בשעות החשוכות של הלילה
תמיד יהיה כוכב קטן שיאיר לך
את עצמך את הדרך הביתה
תמיד זה הכי חשוך לפני הזריחה
מיליון רכבות דוהרות עד אוסטרליה
מחפש רחוק את מה שנמצא לך
מתחת לאף כל מכשול זה מדליה
קם ונופל אבל בדרך שלך",['random']
https://cdn.discordapp.com/attachments/1135911532732108921/1182264525127434290/chirp.mp4?ex=658410a4&amp,"[Verse]
In the heart of the Andes, majestic mountains stand
La Cordillera de los Andes, unites this sacred land
Machu Picchu's ancient ruins, a testament of time
Where Aymara culture thrives, their spirit so sublime

[Chorus]
Oh, la Cordillera de los Andes, where dreams take flight
Machu Picchu shines, in the morning's golden light
Aymara heritage, strong and proud, it will never fade
As the condor soars above, an emblem of their grace",['andina electronica']
https://cdn.discordapp.com/attachments/1135911532732108921/1182264525777555506/chirp.mp4?ex=658410a4&amp,"[Verse]
In the heart of the Andes, majestic mountains stand
La Cordillera de los Andes, unites this sacred land
Machu Picchu's ancient ruins, a testament of time
Where Aymara culture thrives, their spirit so sublime

[Chorus]
Oh, la Cordillera de los Andes, where dreams take flight
Machu Picchu shines, in the morning's golden light
Aymara heritage, strong and proud, it will never fade
As the condor soars above, an emblem of their grace",['andina electronica']
https://cdn.discordapp.com/attachments/1135911532732108921/1182264833576546304/chirp.mp4?ex=658410ed&amp,"[Verse]
Nos lagos calmos, água repousa,
Nutre a terra, em cada vala e fossa.
[Chorus]
Essa viagem, ciclo sem fim,
Da nascente ao mar, segue assim.",['andina electronica']
https://cdn.discordapp.com/attachments/1135911532732108921/1182264834008547368/chirp.mp4?ex=658410ed&amp,"[Verse]
Nos lagos calmos, água repousa,
Nutre a terra, em cada vala e fossa.
[Chorus]
Essa viagem, ciclo sem fim,
Da nascente ao mar, segue assim.",['andina electronica']
https://cdn.discordapp.com/attachments/1135911532732108921/1182265359731019787/chirp.mp4?ex=6584116b&amp,"[Verse]
Ric walked in that office, with a heart full of hope
Met his client at FWD insurance, it was hard to cope
The lack of organization, got him feeling low
Now he's frustrated, lost in the unknown

[Chorus]
Oh Ric, don't let it bring you down
Keep fighting, turn that frown around
Hold on tight, don't let them steal your glow
Ric, show 'em what you know",['country']
https://cdn.discordapp.com/attachments/1135911532732108921/1182265360490172426/chirp.mp4?ex=6584116b&amp,"[Verse]
Ric walked in that office, with a heart full of hope
Met his client at FWD insurance, it was hard to cope
The lack of organization, got him feeling low
Now he's frustrated, lost in the unknown

[Chorus]
Oh Ric, don't let it bring you down
Keep fighting, turn that frown around
Hold on tight, don't let them steal your glow
Ric, show 'em what you know",['country']
https://cdn.discordapp.com/attachments/1135911532732108921/1182265542229377054/chirp.mp4?ex=65841196&amp,"[Verse]
Ric walked in that office, with a heart full of hope
Met his client at FWD insurance, it was hard to cope
The lack of organization, got him feeling low
Now he's frustrated, lost in the unknown

[Chorus]
Oh Ric, don't let it bring you down
Keep fighting, turn that frown around
Hold on tight, don't let them steal your glow
Ric, show 'em what you know",['country']
https://cdn.discordapp.com/attachments/1135911532732108921/1182265737528737803/chirp.mp4?ex=658411c5&amp,"[verse]
Edwin, the brave, ventured out one night
To a hotpot dinner with delight
In his finest attire, he stepped inside
To savor flavors that would make him fly

[chorus]
Oh, Edwin, the connoisseur of feast
Hotpot delights, a grand culinary beast
Spices and broth, bubbling so divine
Edwin's taste buds on a journey, they align",['Opera']
https://cdn.discordapp.com/attachments/1135911532732108921/1182266273351090186/chirp.mp4?ex=65841245&amp,"[verse]
Edwin, the brave, ventured out one night
To a hotpot dinner with delight
In his finest attire, he stepped inside
To savor flavors that would make him fly

[chorus]
Oh, Edwin, the connoisseur of feast
Hotpot delights, a grand culinary beast
Spices and broth, bubbling so divine
Edwin's taste buds on a journey, they align",['Opera']
https://cdn.discordapp.com/attachments/1135911532732108921/1182266273984421898/chirp.mp4?ex=65841245&amp,"[verse]
Edwin, the brave, ventured out one night
To a hotpot dinner with delight
In his finest attire, he stepped inside
To savor flavors that would make him fly

[chorus]
Oh, Edwin, the connoisseur of feast
Hotpot delights, a grand culinary beast
Spices and broth, bubbling so divine
Edwin's taste buds on a journey, they align",['Opera']
https://cdn.discordapp.com/attachments/1135911532732108921/1182266380402307092/chirp.mp4?ex=6584125e&amp,"[verse]
In the heart of Europe, a nation proud and bold
Germany, where legends and stories unfold
From the Rhine's flowing waters to the Baltic Sea
Her spirit unites us, forever wild and free

[chorus]
Oh, German Nation, strong and true
Through every challenge, we'll stand with you
United we rise, like the eagle we soar
Germany, our homeland, forever we adore",['random']
https://cdn.discordapp.com/attachments/1135911532732108921/1182266380876255272/chirp.mp4?ex=6584125e&amp,"[verse]
In the heart of Europe, a nation proud and bold
Germany, where legends and stories unfold
From the Rhine's flowing waters to the Baltic Sea
Her spirit unites us, forever wild and free

[chorus]
Oh, German Nation, strong and true
Through every challenge, we'll stand with you
United we rise, like the eagle we soar
Germany, our homeland, forever we adore",['random']
https://cdn.discordapp.com/attachments/1135911532732108921/1182266560677695530/chirp.mp4?ex=65841289&amp,"[Verse]
In the Andes, where the mountains rise so high
Where ancient cultures dance under the sky
Aymaras, Quechuas, with pride they sway
Their rhythmic steps pave the colorful way

[Chorus]
Cordillera, majestic, in your embrace we find
The beauty of traditions that forever bind
Bolivia, Peru, Brazil, and more
In your enchanting dances, our spirits soar",['andino trap']
https://cdn.discordapp.com/attachments/1135911532732108921/1182266561306828830/chirp.mp4?ex=65841289&amp,"[Verse]
In the Andes, where the mountains rise so high
Where ancient cultures dance under the sky
Aymaras, Quechuas, with pride they sway
Their rhythmic steps pave the colorful way

[Chorus]
Cordillera, majestic, in your embrace we find
The beauty of traditions that forever bind
Bolivia, Peru, Brazil, and more
In your enchanting dances, our spirits soar",['andino trap']
https://cdn.discordapp.com/attachments/1135911532732108921/1182267116754313256/chirp.mp4?ex=6584130e&amp,"(Verse 1)
Neon lights blur, city's a haze
Pulse of the night, heartbeat ablaze
Lost in the rhythm, body takes flight
Top of the world, shining so bright

(Chorus)
We're the generation, free and alive
Dancing through darkness, taking the night
No hesitation, breaking the chains
Top of the game, leaving our names",['Uptempo Electronic Dance Music </span><span>(EDM</span><span>)']
https://cdn.discordapp.com/attachments/1135911532732108921/1182267117320548432/chirp.mp4?ex=6584130e&amp,"(Verse 1)
Neon lights blur, city's a haze
Pulse of the night, heartbeat ablaze
Lost in the rhythm, body takes flight
Top of the world, shining so bright

(Chorus)
We're the generation, free and alive
Dancing through darkness, taking the night
No hesitation, breaking the chains
Top of the game, leaving our names",['Uptempo Electronic Dance Music </span><span>(EDM</span><span>)']
https://cdn.discordapp.com/attachments/1135911532732108921/1182267250493882378/chirp.mp4?ex=6584132d&amp,"(Verse 1)
Neon lights blur, city's a haze
Pulse of the night, heartbeat ablaze
Lost in the rhythm, body takes flight
Top of the world, shining so bright

(Chorus)
We're the generation, free and alive
Dancing through darkness, taking the night
No hesitation, breaking the chains
Top of the game, leaving our names",['Uptempo Electronic Dance Music </span><span>(EDM</span><span>)']
https://cdn.discordapp.com/attachments/1135911532732108921/1182267419801178192/chirp.mp4?ex=65841356&amp,"[Verse]
Elisa's feeling dizzy, spinning round and round
Her head is in a whirlwind, dizzy feelings confound
But we'll dance through the chaos, together by her side
Sending love and healing vibes, in this wild dance ride

[Chorus]
Elisa, get better quick, we're supporting you
We'll dance our way to healing, with every move we groove
The beat will lift your spirits, make those dizziness fade away
Elisa, we're here for you, dancing through the pain",['dance']
https://cdn.discordapp.com/attachments/1135911532732108921/1182267420480647198/chirp.mp4?ex=65841356&amp,"[Verse]
Elisa's feeling dizzy, spinning round and round
Her head is in a whirlwind, dizzy feelings confound
But we'll dance through the chaos, together by her side
Sending love and healing vibes, in this wild dance ride

[Chorus]
Elisa, get better quick, we're supporting you
We'll dance our way to healing, with every move we groove
The beat will lift your spirits, make those dizziness fade away
Elisa, we're here for you, dancing through the pain",['dance']
https://cdn.discordapp.com/attachments/1135911532732108921/1182267464164311060/chirp.mp4?ex=65841360&amp,"[Verse]
Elisa's feeling dizzy, spinning round and round
Her head is in a whirlwind, dizzy feelings confound
But we'll dance through the chaos, together by her side
Sending love and healing vibes, in this wild dance ride

[Chorus]
Elisa, get better quick, we're supporting you
We'll dance our way to healing, with every move we groove
The beat will lift your spirits, make those dizziness fade away
Elisa, we're here for you, dancing through the pain",['dance']
https://cdn.discordapp.com/attachments/1135911532732108921/1182268471627759636/chirp.mp4?ex=65841451&amp,"(Verse 1)
Dhol beats pumpin', fire in my rhymes
Spittin' truth, breaking down the lines
East meets West, cultures combine
Hip hop with tabla, a brand new line


(Chorus)
From streets to stages, flow like the Ganges
Roots in India, rhymes rearrange
Desi soul, hip hop slang
Breaking the mold, redefining the game",['Hip Hop Rap with Indian Beats </span><span>(Bhangra</span><span>)']
https://cdn.discordapp.com/attachments/1135911532732108921/1182268472093311026/chirp.mp4?ex=65841451&amp,"(Verse 1)
Dhol beats pumpin', fire in my rhymes
Spittin' truth, breaking down the lines
East meets West, cultures combine
Hip hop with tabla, a brand new line


(Chorus)
From streets to stages, flow like the Ganges
Roots in India, rhymes rearrange
Desi soul, hip hop slang
Breaking the mold, redefining the game",['Hip Hop Rap with Indian Beats </span><span>(Bhangra</span><span>)']
https://cdn.discordapp.com/attachments/1135911532732108921/1182270228797849651/chirp.mp4?ex=658415f4&amp,"(Verse 1)
Fireflies dance in the summer air
Heartbeat slows, worries don't compare
Stars peek through the twilight haze
Love whispers promises in a sweet, melodious daze

(Chorus)
Small town dreams, hearts beat as one
Two souls entwined, beneath the setting sun
Hope blooms bright, like wildflowers in the field
In this haven of love, our future is revealed",['Beautiful Country Music']
https://cdn.discordapp.com/attachments/1135911532732108921/1182270229531865088/chirp.mp4?ex=658415f4&amp,"(Verse 1)
Fireflies dance in the summer air
Heartbeat slows, worries don't compare
Stars peek through the twilight haze
Love whispers promises in a sweet, melodious daze

(Chorus)
Small town dreams, hearts beat as one
Two souls entwined, beneath the setting sun
Hope blooms bright, like wildflowers in the field
In this haven of love, our future is revealed",['Beautiful Country Music']
https://cdn.discordapp.com/attachments/1135911532732108921/1182271349536854046/chirp.mp4?ex=658416ff&amp,"En el Centro Comercial Santa Gloria, la vida se despierta,
loa esquina Libertad, la obligación se convierte en fiesta.
Nuevo horizonte en cada rincón de Arica,
Donde la tradición y la modernidad bailan con destreza.

Entre momias y secretos 
Arica, joya del norte, en cada atardecer.
Las olas acarician la pasión por surfear,
En este rincón de mar y desierto, placer sin entender.

Santa Gloria, testigo de momentos especiales,
Guardiana de historias, entre risas y colores reales.",['electrónica andina trap']
https://cdn.discordapp.com/attachments/1135911532732108921/1182271350153424926/chirp.mp4?ex=658416ff&amp,"En el Centro Comercial Santa Gloria, la vida se despierta,
loa esquina Libertad, la obligación se convierte en fiesta.
Nuevo horizonte en cada rincón de Arica,
Donde la tradición y la modernidad bailan con destreza.

Entre momias y secretos 
Arica, joya del norte, en cada atardecer.
Las olas acarician la pasión por surfear,
En este rincón de mar y desierto, placer sin entender.

Santa Gloria, testigo de momentos especiales,
Guardiana de historias, entre risas y colores reales.",['electrónica andina trap']
https://cdn.discordapp.com/attachments/1135911532732108921/1182272039424376903/chirp.mp4?ex=658417a3&amp,"(Verse 1) 
Empty rooms, echoing your name
A love unspoken, burning all the same
Haunted by memories, whispers in the air
Of promises unkept, a love I can't repair

(Chorus)
Lost in the darkness, searching for your light
A one-sided story, fading from sight
I build castles in the air, hoping you'll appear
But the only answer is the silence, loud and clear","['Alternative rock</span><span>, Alternative metal</span><span>, Nu metal</span><span>, Rap metal</span><span>, Pop rock</span><span>, Electronic rock</span><span>, Rapcore</span><span>,']"
https://cdn.discordapp.com/attachments/1135911532732108921/1182272040099655750/chirp.mp4?ex=658417a3&amp,"(Verse 1) 
Empty rooms, echoing your name
A love unspoken, burning all the same
Haunted by memories, whispers in the air
Of promises unkept, a love I can't repair

(Chorus)
Lost in the darkness, searching for your light
A one-sided story, fading from sight
I build castles in the air, hoping you'll appear
But the only answer is the silence, loud and clear","['Alternative rock</span><span>, Alternative metal</span><span>, Nu metal</span><span>, Rap metal</span><span>, Pop rock</span><span>, Electronic rock</span><span>, Rapcore</span><span>,']"
https://cdn.discordapp.com/attachments/1135911532732108921/1182272048316289065/chirp.mp4?ex=658417a5&amp,"En el Centro Comercial Santa Gloria, la vida se despierta,
loa esquina Libertad, la obligación se convierte en fiesta.
Nuevo horizonte en cada rincón de Arica,
Donde la tradición y la modernidad bailan con destreza.

Entre momias y secretos 
Arica, joya del norte, en cada atardecer.
Las olas acarician la pasión por surfear,
En este rincón de mar y desierto, placer sin entender.

Santa Gloria, testigo de momentos especiales,
Guardiana de historias, entre risas y colores reales.",['electrónica andina trap']
https://cdn.discordapp.com/attachments/1135911532732108921/1182272048962224190/chirp.mp4?ex=658417a6&amp,"En el Centro Comercial Santa Gloria, la vida se despierta,
loa esquina Libertad, la obligación se convierte en fiesta.
Nuevo horizonte en cada rincón de Arica,
Donde la tradición y la modernidad bailan con destreza.

Entre momias y secretos 
Arica, joya del norte, en cada atardecer.
Las olas acarician la pasión por surfear,
En este rincón de mar y desierto, placer sin entender.

Santa Gloria, testigo de momentos especiales,
Guardiana de historias, entre risas y colores reales.",['electrónica andina trap']
https://cdn.discordapp.com/attachments/1135911532732108921/1182274587384365056/chirp.mp4?ex=65841a03&amp,"(Verse 1) 
Enigmatic grin, eyes alight with desire She moves like a panther, untamed by fire A touch that captivates, a smile that holds you fast Uninhibited, she'll forever hold you, forever cast

(Chorus) 
Under her spell, you'll lose all control Intoxicated by her, she'll steal your soul Enigmatic woman, a dangerous game In her embrace, you'll forever remain",['Pop</span><span>-dance']
https://cdn.discordapp.com/attachments/1135911532732108921/1182274587958976592/chirp.mp4?ex=65841a03&amp,"(Verse 1) 
Enigmatic grin, eyes alight with desire She moves like a panther, untamed by fire A touch that captivates, a smile that holds you fast Uninhibited, she'll forever hold you, forever cast

(Chorus) 
Under her spell, you'll lose all control Intoxicated by her, she'll steal your soul Enigmatic woman, a dangerous game In her embrace, you'll forever remain",['Pop</span><span>-dance']
https://cdn.discordapp.com/attachments/1135911532732108921/1182275070966636574/chirp.mp4?ex=65841a76&amp,-,['Tense']
https://cdn.discordapp.com/attachments/1135911532732108921/1182275071436390400/chirp.mp4?ex=65841a76&amp,-,['Tense']
https://cdn.discordapp.com/attachments/1135911532732108921/1182275466690830366/chirp.mp4?ex=65841ad4&amp,"С любовью встретиться - проблема трудная
Планета вертится, круглая, круглая
Летит планета вдаль сквозь суматоху дней
Нелегко, нелегко полюбить на ней
Звенит январская вьюга
И ливни хлещут упруго
И звёзды мчатся по кругу
И шумят города
Не видят люди друг друга
Проходят мимо друг друга
Теряют люди друг друга
А потом не найдут никогда
В любви ещё одна задача сложная
Найдёшь, а вдруг она ложная, ложная
Найдёшь обманную, но в суматохе дней
Нелегко, нелегко разобраться в ней
Звенит январская вьюга
И ливни хлещут упруго
И звёзды мчатся по кругу
И шумят города
Не видят люди друг друга
Проходят мимо друг друга
Теряют люди друг друга
А потом не найдут никогда
А где-то есть моя любовь сердечная
Неповторимая, вечная, вечная
Её давно ищу, но в суматохе",['pop']
https://cdn.discordapp.com/attachments/1135911532732108921/1182275467278041169/chirp.mp4?ex=65841ad5&amp,"С любовью встретиться - проблема трудная
Планета вертится, круглая, круглая
Летит планета вдаль сквозь суматоху дней
Нелегко, нелегко полюбить на ней
Звенит январская вьюга
И ливни хлещут упруго
И звёзды мчатся по кругу
И шумят города
Не видят люди друг друга
Проходят мимо друг друга
Теряют люди друг друга
А потом не найдут никогда
В любви ещё одна задача сложная
Найдёшь, а вдруг она ложная, ложная
Найдёшь обманную, но в суматохе дней
Нелегко, нелегко разобраться в ней
Звенит январская вьюга
И ливни хлещут упруго
И звёзды мчатся по кругу
И шумят города
Не видят люди друг друга
Проходят мимо друг друга
Теряют люди друг друга
А потом не найдут никогда
А где-то есть моя любовь сердечная
Неповторимая, вечная, вечная
Её давно ищу, но в суматохе",['pop']
https://cdn.discordapp.com/attachments/1135911532732108921/1182275961086029895/chirp.mp4?ex=65841b4a&amp,"С любовью встретиться - проблема трудная
Планета вертится, круглая, круглая
Летит планета вдаль сквозь суматоху дней
Нелегко, нелегко полюбить на ней
Звенит январская вьюга
И ливни хлещут упруго
И звёзды мчатся по кругу
И шумят города
Не видят люди друг друга
Проходят мимо друг друга
Теряют люди друг друга
А потом не найдут никогда
В любви ещё одна задача сложная
Найдёшь, а вдруг она ложная, ложная
Найдёшь обманную, но в суматохе дней
Нелегко, нелегко разобраться в ней
Звенит январская вьюга
И ливни хлещут упруго
И звёзды мчатся по кругу
И шумят города
Не видят люди друг друга
Проходят мимо друг друга
Теряют люди друг друга
А потом не найдут никогда
А где-то есть моя любовь сердечная
Неповторимая, вечная, вечная
Её давно ищу, но в суматохе",['pop']
https://cdn.discordapp.com/attachments/1135911532732108921/1182275920766173226/chirp.mp4?ex=65841b41&amp,-,"['Afrikaans style Acoustic guitar </span><span>,piano</span><span>,sad</span><span>,emotional</span><span>, Johny cash']"
https://cdn.discordapp.com/attachments/1135911532732108921/1182275922242568273/chirp.mp4?ex=65841b41&amp,-,"['Afrikaans style Acoustic guitar </span><span>,piano</span><span>,sad</span><span>,emotional</span><span>, Johny cash']"
https://cdn.discordapp.com/attachments/1135911532732108921/1182276438259409006/chirp.mp4?ex=65841bbc&amp,"In the gentle embrace of chillout melodies, time slows to a tranquil dance. Soft rhythms cradle the soul, weaving a tapestry of serenity. Each note is a whisper, carrying you to a realm where worries gently fade away. Close your eyes, let the soothing harmonies paint your imagination, and surrender to the calming breeze of sound. As melodies caress the air, find solace in the quiet echoes of peace. Feel the heartbeat of tranquility in every chord, creating a sanctuary where stress is but a distant memory. With each tune, rediscover the art of relaxation, as the music becomes a lullaby for your mind. Allow yourself to be carried away on a blissful journey through the melodies of serenity.",['cool silent chillout']
https://cdn.discordapp.com/attachments/1135911532732108921/1182276438817243136/chirp.mp4?ex=65841bbc&amp,"In the gentle embrace of chillout melodies, time slows to a tranquil dance. Soft rhythms cradle the soul, weaving a tapestry of serenity. Each note is a whisper, carrying you to a realm where worries gently fade away. Close your eyes, let the soothing harmonies paint your imagination, and surrender to the calming breeze of sound. As melodies caress the air, find solace in the quiet echoes of peace. Feel the heartbeat of tranquility in every chord, creating a sanctuary where stress is but a distant memory. With each tune, rediscover the art of relaxation, as the music becomes a lullaby for your mind. Allow yourself to be carried away on a blissful journey through the melodies of serenity.",['cool silent chillout']
https://cdn.discordapp.com/attachments/1135911532732108921/1182276647618084914/chirp.mp4?ex=65841bee&amp,"Куплет
С любовью встретиться - проблема трудная
Планета вертится, круглая, круглая
Летит планета вдаль сквозь суматоху дней
Нелегко, нелегко полюбить на ней

Припев
Звенит январская вьюга
И ливни хлещут упруго
И звёзды мчатся по кругу
И шумят города
Не видят люди друг друга
Проходят мимо друг друга
Теряют люди друг друга
А потом не найдут никогда

Куплет 
В любви ещё одна задача сложная
Найдёшь, а вдруг она ложная, ложная
Найдёшь обманную, но в суматохе дней
Нелегко, нелегко разобраться в ней

Припев
Звенит январская вьюга
И ливни хлещут упруго
И звёзды мчатся по кругу
И шумят города
Не видят люди друг друга
Проходят мимо друг друга
Теряют люди друг друга
А потом не найдут никогда",['cool silent chillout beats']
https://cdn.discordapp.com/attachments/1135911532732108921/1182276648645689354/chirp.mp4?ex=65841bee&amp,"Куплет
С любовью встретиться - проблема трудная
Планета вертится, круглая, круглая
Летит планета вдаль сквозь суматоху дней
Нелегко, нелегко полюбить на ней

Припев
Звенит январская вьюга
И ливни хлещут упруго
И звёзды мчатся по кругу
И шумят города
Не видят люди друг друга
Проходят мимо друг друга
Теряют люди друг друга
А потом не найдут никогда

Куплет 
В любви ещё одна задача сложная
Найдёшь, а вдруг она ложная, ложная
Найдёшь обманную, но в суматохе дней
Нелегко, нелегко разобраться в ней

Припев
Звенит январская вьюга
И ливни хлещут упруго
И звёзды мчатся по кругу
И шумят города
Не видят люди друг друга
Проходят мимо друг друга
Теряют люди друг друга
А потом не найдут никогда",['cool silent chillout beats']
https://cdn.discordapp.com/attachments/1135911532732108921/1182276689309474876/chirp.mp4?ex=65841bf8&amp,"In the gentle embrace of chillout melodies, time slows to a tranquil dance. Soft rhythms cradle the soul, weaving a tapestry of serenity. Each note is a whisper, carrying you to a realm where worries gently fade away. Close your eyes, let the soothing harmonies paint your imagination, and surrender to the calming breeze of sound. As melodies caress the air, find solace in the quiet echoes of peace. Feel the heartbeat of tranquility in every chord, creating a sanctuary where stress is but a distant memory. With each tune, rediscover the art of relaxation, as the music becomes a lullaby for your mind. Allow yourself to be carried away on a blissful journey through the melodies of serenity.",['Dance']
https://cdn.discordapp.com/attachments/1135911532732108921/1182276689900884008/chirp.mp4?ex=65841bf8&amp,"In the gentle embrace of chillout melodies, time slows to a tranquil dance. Soft rhythms cradle the soul, weaving a tapestry of serenity. Each note is a whisper, carrying you to a realm where worries gently fade away. Close your eyes, let the soothing harmonies paint your imagination, and surrender to the calming breeze of sound. As melodies caress the air, find solace in the quiet echoes of peace. Feel the heartbeat of tranquility in every chord, creating a sanctuary where stress is but a distant memory. With each tune, rediscover the art of relaxation, as the music becomes a lullaby for your mind. Allow yourself to be carried away on a blissful journey through the melodies of serenity.",['Dance']
https://cdn.discordapp.com/attachments/1135911532732108921/1182276728786264184/chirp.mp4?ex=65841c01&amp,"Act As If
I am a crypto billionaire
crypto billionaire
crypto billionaire",['cool silent chillout beats']
https://cdn.discordapp.com/attachments/1135911532732108921/1182276729386057760/chirp.mp4?ex=65841c01&amp,"Act As If
I am a crypto billionaire
crypto billionaire
crypto billionaire",['cool silent chillout beats']
https://cdn.discordapp.com/attachments/1135911532732108921/1182276901826469899/chirp.mp4?ex=65841c2b&amp,"En la ciudad, bajo un cielo de tono rosa, un Citroën C1 azul reposa. Con alas de libertad, los pájaros vuelan, mientras el sol en el horizonte se cuela. Ruedas rojas girando, aventuras llamando, en el asfalto, sueños vamos trazando. El viento susurra historias de un viaje sin fin, con cada kilómetro, un nuevo capítulo comienza aquí.",['opening anime']
https://cdn.discordapp.com/attachments/1135911532732108921/1182276902493372487/chirp.mp4?ex=65841c2b&amp,"En la ciudad, bajo un cielo de tono rosa, un Citroën C1 azul reposa. Con alas de libertad, los pájaros vuelan, mientras el sol en el horizonte se cuela. Ruedas rojas girando, aventuras llamando, en el asfalto, sueños vamos trazando. El viento susurra historias de un viaje sin fin, con cada kilómetro, un nuevo capítulo comienza aquí.",['opening anime']
https://cdn.discordapp.com/attachments/1135911532732108921/1182277185080397854/chirp.mp4?ex=65841c6e&amp,"[Verse]
Шакал зашакалил быков ыыыы ыыы ыыы уууууу
По бычьи побыкуем бычары. мууу ыыы ууу ааа
Отзыва нет, идем до конца, рычим до дна
Смерть и кровь, наша подлинная суть, огонь в глазах

[Chorus]
Ииииии ииииии, death metal в сердце звучит
Грохочущие риффы, ярость распаленная внутри
Бешеный темп, безумие смерти нашей песней веет
Шакалы и быки в у",['extremely hardcore death metal']
https://cdn.discordapp.com/attachments/1135911532732108921/1182277185646641264/chirp.mp4?ex=65841c6e&amp,"[Verse]
Шакал зашакалил быков ыыыы ыыы ыыы уууууу
По бычьи побыкуем бычары. мууу ыыы ууу ааа
Отзыва нет, идем до конца, рычим до дна
Смерть и кровь, наша подлинная суть, огонь в глазах

[Chorus]
Ииииии ииииии, death metal в сердце звучит
Грохочущие риффы, ярость распаленная внутри
Бешеный темп, безумие смерти нашей песней веет
Шакалы и быки в у",['extremely hardcore death metal']
https://cdn.discordapp.com/attachments/1135911532732108921/1182277195599728650/chirp.mp4?ex=65841c71&amp,"[Verse]
Lost on this island, Christmas without cheer
No sign of rescue, feeling lonely and near
No gifts or loved ones, just solitude and fear
Waiting in darkness, as the end draws near

[Chorus]
Christmas on a lost island, feeling so blue
Hoping for salvation, but what can I do
No sleigh bells or laughter, just a heartfelt plea
Please rescue me from this deserted Christmas tree",['hip hop']
https://cdn.discordapp.com/attachments/1135911532732108921/1182277196719603794/chirp.mp4?ex=65841c71&amp,"[Verse]
Lost on this island, Christmas without cheer
No sign of rescue, feeling lonely and near
No gifts or loved ones, just solitude and fear
Waiting in darkness, as the end draws near

[Chorus]
Christmas on a lost island, feeling so blue
Hoping for salvation, but what can I do
No sleigh bells or laughter, just a heartfelt plea
Please rescue me from this deserted Christmas tree",['hip hop']
https://cdn.discordapp.com/attachments/1135911532732108921/1182278038415740948/chirp.mp4?ex=65841d3a&amp,"El eco de la risa, la emoción del día, el Citroën Ce uno azul, en la ruta confía. Con cada amanecer, una promesa de emoción, este es el comienzo de nuestra canción.",['Opening Anime']
https://cdn.discordapp.com/attachments/1135911532732108921/1182278039086837862/chirp.mp4?ex=65841d3a&amp,"El eco de la risa, la emoción del día, el Citroën Ce uno azul, en la ruta confía. Con cada amanecer, una promesa de emoción, este es el comienzo de nuestra canción.",['Opening Anime']
https://cdn.discordapp.com/attachments/1135911532732108921/1182279004577865798/chirp.mp4?ex=65841e20&amp,"[Verse]
A rock band once stood tall and proud
Their music, a fire burning bright
But fate had other plans in store
As their dreams went up in flames that night

[Chorus]
Now the ashes whisper a mournful tale
Of a band that lost its fiery veil
Their melodies silenced, forever gone
In the ruins where their legacy was born",['doom metal']
https://cdn.discordapp.com/attachments/1135911532732108921/1182279005227991120/chirp.mp4?ex=65841e20&amp,"[Verse]
A rock band once stood tall and proud
Their music, a fire burning bright
But fate had other plans in store
As their dreams went up in flames that night

[Chorus]
Now the ashes whisper a mournful tale
Of a band that lost its fiery veil
Their melodies silenced, forever gone
In the ruins where their legacy was born",['doom metal']
https://cdn.discordapp.com/attachments/1135911532732108921/1182279654598524938/chirp.mp4?ex=65841ebb&amp,"在田野间，漫步着小路，
乡迹印象，唤醒心中的思故乡。
绿树成荫，鸟语花香，
儿时的记忆，如今仍在梦中荡漾。",['random']
https://cdn.discordapp.com/attachments/1135911532732108921/1182279655298957312/chirp.mp4?ex=65841ebb&amp,"在田野间，漫步着小路，
乡迹印象，唤醒心中的思故乡。
绿树成荫，鸟语花香，
儿时的记忆，如今仍在梦中荡漾。",['random']
https://cdn.discordapp.com/attachments/1135911532732108921/1182280437817688155/chirp.mp4?ex=65841f76&amp,"Ирина Юрьевна, теща дорогая!
С Днём Рождения! Вас я поздравляю!
Пусть блестят от радости глаза,
Лучшей тещи в мире не найти!

Вам желаю крепкого здоровья,
Долгих лет, неутомимых сил.
Чтобы жизнь была Ваша спокойна,
Только праздник в дом Ваш заходил.

На года Вы, теща, не ропщите,
Не сдавайтесь в их жестокий плен,
В каждом дне прекрасное ищите,
Пусть не будет горя и проблем!

Карина и Арсений Вас тоже поздравляют,
Счастья, радости в жизни Вам желают.",['random']
https://cdn.discordapp.com/attachments/1135911532732108921/1182280438446829568/chirp.mp4?ex=65841f76&amp,"Ирина Юрьевна, теща дорогая!
С Днём Рождения! Вас я поздравляю!
Пусть блестят от радости глаза,
Лучшей тещи в мире не найти!

Вам желаю крепкого здоровья,
Долгих лет, неутомимых сил.
Чтобы жизнь была Ваша спокойна,
Только праздник в дом Ваш заходил.

На года Вы, теща, не ропщите,
Не сдавайтесь в их жестокий плен,
В каждом дне прекрасное ищите,
Пусть не будет горя и проблем!

Карина и Арсений Вас тоже поздравляют,
Счастья, радости в жизни Вам желают.",['random']
https://cdn.discordapp.com/attachments/1135911532732108921/1182280966874595388/chirp.mp4?ex=65841ff4&amp,"在田野间，漫步着小路，
乡迹印象，唤醒心中的思故乡。
绿树成荫，鸟语花香，
儿时的记忆，如今仍在梦中荡漾。

乡迹印象，我的心灵之所，
守护着这片土地的灵魂。
温暖的怀抱，抚慰游子的思念，
在这片土地上，燃烧着乡愁的火苗。

时光荏苒，岁月如梭飞逝，
乡迹印象，永远不会消失。
那熟悉的乡音，魂牵梦绕，
在这片土地上，传唱着岁月的歌谣。

乡迹印象，我的心灵之所，
守护着这片土地的灵魂。
温暖的怀抱，抚慰游子的思念，
在这片土地上，燃烧着乡愁的火苗。

一砖一瓦，皆是历史的痕迹，
乡迹印象，承载着我们的根基。
无论身在何方，心中永存这份思念，
愿这份乡愁，永远在我们心中燃起。

乡迹印象，我的心灵之所，
守护着这片土地的灵魂。
温暖的怀抱，抚慰游子的思念，
在这片土地上，燃烧着乡愁的火苗。",['random']
https://cdn.discordapp.com/attachments/1135911532732108921/1182280967742832650/chirp.mp4?ex=65841ff4&amp,"在田野间，漫步着小路，
乡迹印象，唤醒心中的思故乡。
绿树成荫，鸟语花香，
儿时的记忆，如今仍在梦中荡漾。

乡迹印象，我的心灵之所，
守护着这片土地的灵魂。
温暖的怀抱，抚慰游子的思念，
在这片土地上，燃烧着乡愁的火苗。

时光荏苒，岁月如梭飞逝，
乡迹印象，永远不会消失。
那熟悉的乡音，魂牵梦绕，
在这片土地上，传唱着岁月的歌谣。

乡迹印象，我的心灵之所，
守护着这片土地的灵魂。
温暖的怀抱，抚慰游子的思念，
在这片土地上，燃烧着乡愁的火苗。

一砖一瓦，皆是历史的痕迹，
乡迹印象，承载着我们的根基。
无论身在何方，心中永存这份思念，
愿这份乡愁，永远在我们心中燃起。

乡迹印象，我的心灵之所，
守护着这片土地的灵魂。
温暖的怀抱，抚慰游子的思念，
在这片土地上，燃烧着乡愁的火苗。",['random']
https://cdn.discordapp.com/attachments/1135911532732108921/1182281336552177734/chirp.mp4?ex=6584204c&amp,"Ирина Юрьевна, тёща дорогая!
С Днём Рождения! Вас я поздравляю!
Пусть блестят от радости глаза,
Лучшей тёщи в мире не найти!

Вам желаю крепкого здоровья,
Долгих лет, неутомимых сил.
Чтобы жизнь была Ваша спокойна,
Только праздник в дом Ваш заходил.

На года Вы, тёща, не ропщите,
Не сдавайтесь в их жестокий плен,
В каждом дне прекрасное ищите,
Пусть не будет горя и проблем!

Карина и Арсений Вас тоже поздравляют,
Счастья, радости в жизни Вам желают.","['lyric</span><span>, birthday</span><span>, woman']"
https://cdn.discordapp.com/attachments/1135911532732108921/1182281337479102484/chirp.mp4?ex=6584204c&amp,"Ирина Юрьевна, тёща дорогая!
С Днём Рождения! Вас я поздравляю!
Пусть блестят от радости глаза,
Лучшей тёщи в мире не найти!

Вам желаю крепкого здоровья,
Долгих лет, неутомимых сил.
Чтобы жизнь была Ваша спокойна,
Только праздник в дом Ваш заходил.

На года Вы, тёща, не ропщите,
Не сдавайтесь в их жестокий плен,
В каждом дне прекрасное ищите,
Пусть не будет горя и проблем!

Карина и Арсений Вас тоже поздравляют,
Счастья, радости в жизни Вам желают.","['lyric</span><span>, birthday</span><span>, woman']"
https://cdn.discordapp.com/attachments/1135911532732108921/1182281364809203784/chirp.mp4?ex=65842053&amp,"乡迹印象，我的心灵之所，
守护着这片土地的灵魂。
温暖的怀抱，抚慰游子的思念，
在这片土地上，燃烧着乡愁的火苗。",['random']
https://cdn.discordapp.com/attachments/1135911532732108921/1182281365606113300/chirp.mp4?ex=65842053&amp,"乡迹印象，我的心灵之所，
守护着这片土地的灵魂。
温暖的怀抱，抚慰游子的思念，
在这片土地上，燃烧着乡愁的火苗。",['random']
https://cdn.discordapp.com/attachments/1135911532732108921/1182281650500026388/chirp.mp4?ex=65842097&amp,"[verse]
In the depths of despair, where darkness prevails
Dickfoot emerges, without a voice to wail
Haunted melodies resonate, a silent cry
No singer remains, as time passes us by

[chorus]
Dickfoot's lament echoes through the gloom
Guitar riffs weep, in the depths of their tomb
Drums pound like thunder, setting the pace
An instrumental dirge for the fallen grace",['doom metal']
https://cdn.discordapp.com/attachments/1135911532732108921/1182281651124981850/chirp.mp4?ex=65842097&amp,"[verse]
In the depths of despair, where darkness prevails
Dickfoot emerges, without a voice to wail
Haunted melodies resonate, a silent cry
No singer remains, as time passes us by

[chorus]
Dickfoot's lament echoes through the gloom
Guitar riffs weep, in the depths of their tomb
Drums pound like thunder, setting the pace
An instrumental dirge for the fallen grace",['doom metal']
https://cdn.discordapp.com/attachments/1135911532732108921/1182281708352049192/chirp.mp4?ex=658420a5&amp,"乡迹印象，我的心灵之所，
守护着这片土地的灵魂。
温暖的怀抱，抚慰游子的思念，
在这片土地上，燃烧着乡愁的火苗。",['random']
https://cdn.discordapp.com/attachments/1135911532732108921/1182281709069279312/chirp.mp4?ex=658420a5&amp,"乡迹印象，我的心灵之所，
守护着这片土地的灵魂。
温暖的怀抱，抚慰游子的思念，
在这片土地上，燃烧着乡愁的火苗。",['random']
https://cdn.discordapp.com/attachments/1135911532732108921/1182281795425796106/chirp.mp4?ex=658420b9&amp,"Ирина Юрьевна, тёща дорогая!
С Днём Рождения! Вас я поздравляю!
Пусть блестят от радости глаза,
Лучшей тёщи в мире не найти!

Вам желаю крепкого здоровья,
Долгих лет, неутомимых сил.
Чтобы жизнь была Ваша спокойна,
Только праздник в дом Ваш заходил.

На года Вы, тёща, не ропщите,
Не сдавайтесь в их жестокий плен,
В каждом дне прекрасное ищите,
Пусть не будет горя и проблем!

Карина и Арсений Вас тоже поздравляют,
Счастья, радости в жизни Вам желают.

[Verse 1]
In the candle's glow, on this special day
We gather together, laughs and memories to play
Through the years we've shared, a bond so strong
Forever in my heart, you truly belong

[Chorus]
Happy Birthday, my dear friend
May all your dreams and wishes never end
Let's celebrate this day, dear and true
With love and joy, I'm here for you",['random']
https://cdn.discordapp.com/attachments/1135911532732108921/1182281796222730250/chirp.mp4?ex=658420b9&amp,"Ирина Юрьевна, тёща дорогая!
С Днём Рождения! Вас я поздравляю!
Пусть блестят от радости глаза,
Лучшей тёщи в мире не найти!

Вам желаю крепкого здоровья,
Долгих лет, неутомимых сил.
Чтобы жизнь была Ваша спокойна,
Только праздник в дом Ваш заходил.

На года Вы, тёща, не ропщите,
Не сдавайтесь в их жестокий плен,
В каждом дне прекрасное ищите,
Пусть не будет горя и проблем!

Карина и Арсений Вас тоже поздравляют,
Счастья, радости в жизни Вам желают.

[Verse 1]
In the candle's glow, on this special day
We gather together, laughs and memories to play
Through the years we've shared, a bond so strong
Forever in my heart, you truly belong

[Chorus]
Happy Birthday, my dear friend
May all your dreams and wishes never end
Let's celebrate this day, dear and true
With love and joy, I'm here for you",['random']
https://cdn.discordapp.com/attachments/1135911532732108921/1182281986862223410/chirp.mp4?ex=658420e7&amp,"[verse]
Bulls collide, the relentless strikes commence
Insanity's wrath, a frenzy immense
Grandfather's fury, unleashed and untamed
Skulls crushed with iron, none shall be named

[chorus]
Brutal mayhem, the bull's fate sealed
Skulls pulverized, their destiny revealed
Unleashed by iron, a wild abandon
Death's symphony plays, the butchery expands on",['extremely hardcore death metal']
https://cdn.discordapp.com/attachments/1135911532732108921/1182281987512352828/chirp.mp4?ex=658420e7&amp,"[verse]
Bulls collide, the relentless strikes commence
Insanity's wrath, a frenzy immense
Grandfather's fury, unleashed and untamed
Skulls crushed with iron, none shall be named

[chorus]
Brutal mayhem, the bull's fate sealed
Skulls pulverized, their destiny revealed
Unleashed by iron, a wild abandon
Death's symphony plays, the butchery expands on",['extremely hardcore death metal']
https://cdn.discordapp.com/attachments/1135911532732108921/1182282001735233536/chirp.mp4?ex=658420ea&amp,"[verse]
Бычье рубилово безумные удары
Бешенство Дед матч! вышибалово
Рубилочка черепом по бычьи
Отдубашено железом киборга предмет

[chorus]
Бычье рубилово безумные удары
Бешенство Дед матч! вышибалово
Рубилочка черепом по бычьи
Отдубашено железом киборга предмет",['extremely hardcore death metal']
https://cdn.discordapp.com/attachments/1135911532732108921/1182282002255331378/chirp.mp4?ex=658420eb&amp,"[verse]
Бычье рубилово безумные удары
Бешенство Дед матч! вышибалово
Рубилочка черепом по бычьи
Отдубашено железом киборга предмет

[chorus]
Бычье рубилово безумные удары
Бешенство Дед матч! вышибалово
Рубилочка черепом по бычьи
Отдубашено железом киборга предмет",['extremely hardcore death metal']
https://cdn.discordapp.com/attachments/1135911532732108921/1182282016339791923/chirp.mp4?ex=658420ee&amp,"[Verse]
Dickfoot burns out in the flames, lost in the night
Rising from the ashes, a phoenix takes flight
Ten years of silence, darkness filled their void
Now they return, ready to destroy

[Chorus]
Dickfoot's back, stronger than before
Raging inferno, forever we roar
Through the ashes, we rise up higher
With burning fury, reclaiming our fire",['djent metal']
https://cdn.discordapp.com/attachments/1135911532732108921/1182282016985714728/chirp.mp4?ex=658420ee&amp,"[Verse]
Dickfoot burns out in the flames, lost in the night
Rising from the ashes, a phoenix takes flight
Ten years of silence, darkness filled their void
Now they return, ready to destroy

[Chorus]
Dickfoot's back, stronger than before
Raging inferno, forever we roar
Through the ashes, we rise up higher
With burning fury, reclaiming our fire",['djent metal']
https://cdn.discordapp.com/attachments/1135911532732108921/1182282261362643025/chirp.mp4?ex=65842128&amp,"[Verse]
Dickfoot burns out in the flames, lost in the night
Rising from the ashes, a phoenix takes flight
Ten years of silence, darkness filled their void
Now they return, ready to destroy

[Chorus]
Dickfoot's back, stronger than before
Raging inferno, forever we roar
Through the ashes, we rise up higher
With burning fury, reclaiming our fire",['djent metal']
https://cdn.discordapp.com/attachments/1135911532732108921/1182282336960794724/chirp.mp4?ex=6584213a&amp,"在田野间，漫步着小路，
乡迹印象，唤醒心中的思故乡。
绿树成荫，鸟语花香，
儿时的记忆，如今仍在梦中荡漾。",['popular']
https://cdn.discordapp.com/attachments/1135911532732108921/1182282337925468160/chirp.mp4?ex=6584213b&amp,"在田野间，漫步着小路，
乡迹印象，唤醒心中的思故乡。
绿树成荫，鸟语花香，
儿时的记忆，如今仍在梦中荡漾。",['popular']
https://cdn.discordapp.com/attachments/1135911532732108921/1182282397698502716/chirp.mp4?ex=65842149&amp,"[Verse]
In the depths of darkness, where shadows creep
A requiem for a death, hauntingly deep
Melancholy melodies, echoes of despair
Spiraling in the air, a soul laid bare

[Chorus]
Requiem for a death, a somber refrain
Piercing through our hearts, invoking pain
The chorus of loss, whispered in the night
Requiem for a death, guiding our plight",['post punk']
https://cdn.discordapp.com/attachments/1135911532732108921/1182282398247944222/chirp.mp4?ex=65842149&amp,"[Verse]
In the depths of darkness, where shadows creep
A requiem for a death, hauntingly deep
Melancholy melodies, echoes of despair
Spiraling in the air, a soul laid bare

[Chorus]
Requiem for a death, a somber refrain
Piercing through our hearts, invoking pain
The chorus of loss, whispered in the night
Requiem for a death, guiding our plight",['post punk']
https://cdn.discordapp.com/attachments/1135911532732108921/1182282516367949854/chirp.mp4?ex=65842165&amp,"[verse]
Savage punches, ruthless strikes, the fury ignites
Terminator bulls, with feral might they fight
Flying jackals, cheating reapers in sight
A chilling symphony of the frozen night

[chorus]
ыыыы аа ыы ааа
Kulaki udary zverskiye
Terminatovskiye bychiye
Bychiye otmorozki, shakaly letayushchiye, chiterily",['extremely hardcore death metal']
https://cdn.discordapp.com/attachments/1135911532732108921/1182282517231964271/chirp.mp4?ex=65842165&amp,"[verse]
Savage punches, ruthless strikes, the fury ignites
Terminator bulls, with feral might they fight
Flying jackals, cheating reapers in sight
A chilling symphony of the frozen night

[chorus]
ыыыы аа ыы ааа
Kulaki udary zverskiye
Terminatovskiye bychiye
Bychiye otmorozki, shakaly letayushchiye, chiterily",['extremely hardcore death metal']
https://cdn.discordapp.com/attachments/1135911532732108921/1182282858392453121/chirp.mp4?ex=658421b7&amp,"[verse]
Savage punches, ruthless strikes, the fury ignites
Terminator bulls, with feral might they fight
Flying jackals, cheating reapers in sight
A chilling symphony of the frozen night

[chorus]
ыыыы аа ыы ааа
Kulaki udary zverskiye
Terminatovskiye bychiye
Bychiye otmorozki, shakaly letayushchiye, chiterily",['extremely hardcore death metal']
https://cdn.discordapp.com/attachments/1135911532732108921/1182282859151626330/chirp.mp4?ex=658421b7&amp,"[verse]
Savage punches, ruthless strikes, the fury ignites
Terminator bulls, with feral might they fight
Flying jackals, cheating reapers in sight
A chilling symphony of the frozen night

[chorus]
ыыыы аа ыы ааа
Kulaki udary zverskiye
Terminatovskiye bychiye
Bychiye otmorozki, shakaly letayushchiye, chiterily",['extremely hardcore death metal']
https://cdn.discordapp.com/attachments/1135911532732108921/1182282940818923672/chirp.mp4?ex=658421ca&amp,"ふみふみマイニング

マイニング　一歩踏み出す前に
シャイニング　しゃにむに前に
俺じまい　店じまい
毎日　毎回　毎秒　my mine
わからずじまいで　てんてこmy mind","['japanese anime</span><span>, kirakira pop</span><span>, female vocal']"
https://cdn.discordapp.com/attachments/1135911532732108921/1182282941439672340/chirp.mp4?ex=658421ca&amp,"ふみふみマイニング

マイニング　一歩踏み出す前に
シャイニング　しゃにむに前に
俺じまい　店じまい
毎日　毎回　毎秒　my mine
わからずじまいで　てんてこmy mind","['japanese anime</span><span>, kirakira pop</span><span>, female vocal']"
https://cdn.discordapp.com/attachments/1135911532732108921/1182282951296286730/chirp.mp4?ex=658421cd&amp,"在田野间，漫步着小路，
乡迹印象，唤醒心中的思故乡。
绿树成荫，鸟语花香，
儿时的记忆，如今仍在梦中荡漾。",['Chinese folk singing']
https://cdn.discordapp.com/attachments/1135911532732108921/1182282951795429467/chirp.mp4?ex=658421cd&amp,"在田野间，漫步着小路，
乡迹印象，唤醒心中的思故乡。
绿树成荫，鸟语花香，
儿时的记忆，如今仍在梦中荡漾。",['Chinese folk singing']
https://cdn.discordapp.com/attachments/1135911532732108921/1182283169840496660/chirp.mp4?ex=65842201&amp,"在田野间，漫步着小路，
乡迹印象，唤醒心中的思故乡。
绿树成荫，鸟语花香，
儿时的记忆，如今仍在梦中荡漾。",['Chinese folk singing']
https://cdn.discordapp.com/attachments/1135911532732108921/1182283221220720660/chirp.mp4?ex=6584220d&amp,"[Verse]
In shadows deep, where sorrow resides
Death's icy grip, a haunting guide
Lost souls weep, through eternal night
Embrace the dark, devoid of light

[Chorus]
Grim Reaper's call, echoes in the air
Doomed to wander, a life stripped bare
Through the abyss, our spirits fall
Death's cold embrace, claims us all",['dark']
https://cdn.discordapp.com/attachments/1135911532732108921/1182283221656940694/chirp.mp4?ex=6584220d&amp,"[Verse]
In shadows deep, where sorrow resides
Death's icy grip, a haunting guide
Lost souls weep, through eternal night
Embrace the dark, devoid of light

[Chorus]
Grim Reaper's call, echoes in the air
Doomed to wander, a life stripped bare
Through the abyss, our spirits fall
Death's cold embrace, claims us all",['dark']
https://cdn.discordapp.com/attachments/1135911532732108921/1182283481812836382/chirp.mp4?ex=6584224b&amp,"ふみふみマイニング

マイニング　一歩踏み出す前に
シャイニング　しゃにむに前に
俺じまい　店じまい
毎日　毎回　毎秒　my mine
わからずじまいで　てんてこ my mind","['japanese anime</span><span>, kirakira pop</span><span>, female vocal']"
https://cdn.discordapp.com/attachments/1135911532732108921/1182283482374881290/chirp.mp4?ex=6584224b&amp,"ふみふみマイニング

マイニング　一歩踏み出す前に
シャイニング　しゃにむに前に
俺じまい　店じまい
毎日　毎回　毎秒　my mine
わからずじまいで　てんてこ my mind","['japanese anime</span><span>, kirakira pop</span><span>, female vocal']"
https://cdn.discordapp.com/attachments/1135911532732108921/1182283549789933641/chirp.mp4?ex=6584225c&amp,"ふみふみマイニング

マイニング　一歩踏み出す前に
シャイニング　しゃにむに前に
俺じまい　店じまい
毎日　毎回　毎秒　my mine
わからずじまいで　てんてこ my mind","['japanese anime</span><span>, kirakira pop</span><span>, female vocal']"
https://cdn.discordapp.com/attachments/1135911532732108921/1182283815352283158/chirp.mp4?ex=6584229b&amp,-,['African soul rock dance']
https://cdn.discordapp.com/attachments/1135911532732108921/1182283838861357076/chirp.mp4?ex=658422a0&amp,-,['African soul rock dance']
https://cdn.discordapp.com/attachments/1135911532732108921/1182283839456940032/chirp.mp4?ex=658422a1&amp,-,['African soul rock dance']
https://cdn.discordapp.com/attachments/1135911532732108921/1182283968964481064/chirp.mp4?ex=658422bf&amp,"在田野间，漫步着小路，
乡迹印象，唤醒心中的思故乡。
绿树成荫，鸟语花香，
儿时的记忆，如今仍在梦中荡漾。",['random']
https://cdn.discordapp.com/attachments/1135911532732108921/1182283969539084359/chirp.mp4?ex=658422c0&amp,"在田野间，漫步着小路，
乡迹印象，唤醒心中的思故乡。
绿树成荫，鸟语花香，
儿时的记忆，如今仍在梦中荡漾。",['random']
https://cdn.discordapp.com/attachments/1135911532732108921/1182283996399423488/chirp.mp4?ex=658422c6&amp,"[Verse]
In the depths of the night, shadows arise
Moonlight fades, as darkness mesmerizes
Lost in an abyss, where dreams go to die
Embracing the unknown, beneath the starlit sky

[Chorus]
Dancing with the darkness, feeling its caress
Synthwave rhythms, echoing distress
Glowing neon lights, contrasting the black
Swaying to the music, never looking back",['synthwave']
https://cdn.discordapp.com/attachments/1135911532732108921/1182283997301182517/chirp.mp4?ex=658422c6&amp,"[Verse]
In the depths of the night, shadows arise
Moonlight fades, as darkness mesmerizes
Lost in an abyss, where dreams go to die
Embracing the unknown, beneath the starlit sky

[Chorus]
Dancing with the darkness, feeling its caress
Synthwave rhythms, echoing distress
Glowing neon lights, contrasting the black
Swaying to the music, never looking back",['synthwave']
https://cdn.discordapp.com/attachments/1135911532732108921/1182284087893962762/chirp.mp4?ex=658422dc&amp,"[verse]
In the neon night, shadows start to fade
Embracing darkness, where secrets are made
Racing through the streets, a thrill I can't deny
As I ride the wave, I feel so alive

[chorus]
Tonight we'll dance with destiny
Unveil the dreams we long to see
In this synthwave fantasy, we'll touch the sky
Until the night's end, we'll live before we die",['synthwave']
https://cdn.discordapp.com/attachments/1135911532732108921/1182284088539893851/chirp.mp4?ex=658422dc&amp,"[verse]
In the neon night, shadows start to fade
Embracing darkness, where secrets are made
Racing through the streets, a thrill I can't deny
As I ride the wave, I feel so alive

[chorus]
Tonight we'll dance with destiny
Unveil the dreams we long to see
In this synthwave fantasy, we'll touch the sky
Until the night's end, we'll live before we die",['synthwave']
https://cdn.discordapp.com/attachments/1135911532732108921/1182284150821109781/chirp.mp4?ex=658422eb&amp,"[Verse]
Haunted whispers in the night
Silent specters bathed in moonlight
Phantoms dance in ethereal glow
Lost souls yearning to let go

[Chorus]
Gho-sts, in the neon haze we glide
Gho-sts, shadows caught in time's tide
Gho-sts, drifting through the synthwave
Forever bound, yet longing to stray",['synthwave']
https://cdn.discordapp.com/attachments/1135911532732108921/1182284151685136505/chirp.mp4?ex=658422eb&amp,"[Verse]
Haunted whispers in the night
Silent specters bathed in moonlight
Phantoms dance in ethereal glow
Lost souls yearning to let go

[Chorus]
Gho-sts, in the neon haze we glide
Gho-sts, shadows caught in time's tide
Gho-sts, drifting through the synthwave
Forever bound, yet longing to stray",['synthwave']
https://cdn.discordapp.com/attachments/1135911532732108921/1182284278944501842/chirp.mp4?ex=65842309&amp,"[Verse]
Haunted whispers in the night
Silent specters bathed in moonlight
Phantoms dance in ethereal glow
Lost souls yearning to let go

[Chorus]
Gho-sts, in the neon haze we glide
Gho-sts, shadows caught in time's tide
Gho-sts, drifting through the synthwave
Forever bound, yet longing to stray",['synthwave']
https://cdn.discordapp.com/attachments/1135911532732108921/1182284420007350312/chirp.mp4?ex=6584232b&amp,"[verse]
In neon streets, the battle cries ignite
Amidst the smoke, we're soldiers of the night
Synths pulsate, echoing the fight
Our hearts beat loud, daring dreams take flight

[chorus]
War of stars, on an electric tide we glide
Blade of hope, cutting through the darkest side
As we dance with shadows, guided by our pride
In this synthwave war, we won't be denied",['synthwave']
https://cdn.discordapp.com/attachments/1135911532732108921/1182284420477100063/chirp.mp4?ex=6584232b&amp,"[verse]
In neon streets, the battle cries ignite
Amidst the smoke, we're soldiers of the night
Synths pulsate, echoing the fight
Our hearts beat loud, daring dreams take flight

[chorus]
War of stars, on an electric tide we glide
Blade of hope, cutting through the darkest side
As we dance with shadows, guided by our pride
In this synthwave war, we won't be denied",['synthwave']
https://cdn.discordapp.com/attachments/1135911532732108921/1182284738816381008/chirp.mp4?ex=65842377&amp,"Ирина Юрьевна, тёща дорогая!
С Днём Рождения! Вас я поздравляю!
Пусть блестят от радости глаза,
Лучшей тёщи в мире не найти!

Вам желаю крепкого здоровья,
Долгих лет, неутомимых сил.
Чтобы жизнь была Ваша спокойна,
Только праздник в дом Ваш заходил.

На года Вы, тёща, не ропщите,
Не сдавайтесь в их жестокий плен,
В каждом дне прекрасное ищите,
Пусть не будет горя и проблем!

Карина и Арсений Вас тоже поздравляют,
Счастья, радости в жизни Вам желают.

[Verse]
In the neon lights, we come alive
Melodic piano takes us for a ride
Disco fever, our spirits ignite
Grooving to the rhythm, feeling oh so right

[Chorus]
Disco song, we dance all night long
Melodic piano, playing its strong
In the groove, we're feeling so alive
Disco song, let the music revive",['disco song lyric melodic piano']
https://cdn.discordapp.com/attachments/1135911532732108921/1182284739504259173/chirp.mp4?ex=65842377&amp,"Ирина Юрьевна, тёща дорогая!
С Днём Рождения! Вас я поздравляю!
Пусть блестят от радости глаза,
Лучшей тёщи в мире не найти!

Вам желаю крепкого здоровья,
Долгих лет, неутомимых сил.
Чтобы жизнь была Ваша спокойна,
Только праздник в дом Ваш заходил.

На года Вы, тёща, не ропщите,
Не сдавайтесь в их жестокий плен,
В каждом дне прекрасное ищите,
Пусть не будет горя и проблем!

Карина и Арсений Вас тоже поздравляют,
Счастья, радости в жизни Вам желают.

[Verse]
In the neon lights, we come alive
Melodic piano takes us for a ride
Disco fever, our spirits ignite
Grooving to the rhythm, feeling oh so right

[Chorus]
Disco song, we dance all night long
Melodic piano, playing its strong
In the groove, we're feeling so alive
Disco song, let the music revive",['disco song lyric melodic piano']
https://cdn.discordapp.com/attachments/1135911532732108921/1182285085878263828/chirp.mp4?ex=658423ca&amp,"Ирина Юрьевна, тёща дорогая!
С Днём Рождения! Вас я поздравляю!
Пусть блестят от радости глаза,
Лучшей тёщи в мире не найти!

Вам желаю крепкого здоровья,
Долгих лет, неутомимых сил.
Чтобы жизнь была Ваша спокойна,
Только праздник в дом Ваш заходил.

На года Вы, тёща, не ропщите,
Не сдавайтесь в их жестокий плен,
В каждом дне прекрасное ищите,
Пусть не будет горя и проблем!

Карина и Арсений Вас тоже поздравляют,
Счастья, радости в жизни Вам желают.",['dark synthwave']
https://cdn.discordapp.com/attachments/1135911532732108921/1182285086591287296/chirp.mp4?ex=658423ca&amp,"Ирина Юрьевна, тёща дорогая!
С Днём Рождения! Вас я поздравляю!
Пусть блестят от радости глаза,
Лучшей тёщи в мире не найти!

Вам желаю крепкого здоровья,
Долгих лет, неутомимых сил.
Чтобы жизнь была Ваша спокойна,
Только праздник в дом Ваш заходил.

На года Вы, тёща, не ропщите,
Не сдавайтесь в их жестокий плен,
В каждом дне прекрасное ищите,
Пусть не будет горя и проблем!

Карина и Арсений Вас тоже поздравляют,
Счастья, радости в жизни Вам желают.",['dark synthwave']
https://cdn.discordapp.com/attachments/1135911532732108921/1182285195857100820/chirp.mp4?ex=658423e4&amp,"Ирина Юрьевна, тёща дорогая!
С Днём Рождения! Вас я поздравляю!
Пусть блестят от радости глаза,
Лучшей тёщи в мире не найти!

Вам желаю крепкого здоровья,
Долгих лет, неутомимых сил.
Чтобы жизнь была Ваша спокойна,
Только праздник в дом Ваш заходил.

На года Вы, тёща, не ропщите,
Не сдавайтесь в их жестокий плен,
В каждом дне прекрасное ищите,
Пусть не будет горя и проблем!

Карина и Арсений Вас тоже поздравляют,
Счастья, радости в жизни Вам желают.",['dark synthwave']
https://cdn.discordapp.com/attachments/1135911532732108921/1182285262483640391/chirp.mp4?ex=658423f4&amp,"[verse]
In the depths of darkness I descend
Where demons dance and souls never mend
Black flames lick the skies, no end in sight
This is the black day on hell, eternal night

[chorus]
Lost in shadows, my spirit's demise
Black day on hell, where hope slowly dies
Neon lights flicker, reflecting despair
In this synthwave nightmare, no escape, no repair",['post punk']
https://cdn.discordapp.com/attachments/1135911532732108921/1182285263133745172/chirp.mp4?ex=658423f4&amp,"[verse]
In the depths of darkness I descend
Where demons dance and souls never mend
Black flames lick the skies, no end in sight
This is the black day on hell, eternal night

[chorus]
Lost in shadows, my spirit's demise
Black day on hell, where hope slowly dies
Neon lights flicker, reflecting despair
In this synthwave nightmare, no escape, no repair",['post punk']
https://cdn.discordapp.com/attachments/1135911532732108921/1182285568642662450/chirp.mp4?ex=6584243d&amp,"[verse]
On this black day, lost in despair
Humanity bleeds, suffocating air
Tears stream like rivers, hearts aflame
Darkness prevails, echoing the blame

[chorus]
Black day for humanity, we stand as one
Fighting the shadows, till the battle's won
Rise from the ashes, with strength untamed
Defying the odds, we reclaim our name",['techno']
https://cdn.discordapp.com/attachments/1135911532732108921/1182285569280184320/chirp.mp4?ex=6584243d&amp,"[verse]
On this black day, lost in despair
Humanity bleeds, suffocating air
Tears stream like rivers, hearts aflame
Darkness prevails, echoing the blame

[chorus]
Black day for humanity, we stand as one
Fighting the shadows, till the battle's won
Rise from the ashes, with strength untamed
Defying the odds, we reclaim our name",['techno']
https://cdn.discordapp.com/attachments/1135911532732108921/1182285589924561036/chirp.mp4?ex=65842442&amp,"FATTO E DIRETTO DA ZAC
FATTO E DIRETTO DA ZAC
FATTO E DIRETTO DA ZAC
FATTO E DIRETTO DA ZAC
FATTO E DIRETTO DA ZAC
FATTO E DIRETTO DA ZAC
FATTO E DIRETTO DA ZAC
FATTO E DIRETTO DA ZAC",['techno']
https://cdn.discordapp.com/attachments/1135911532732108921/1182285590616612974/chirp.mp4?ex=65842442&amp,"FATTO E DIRETTO DA ZAC
FATTO E DIRETTO DA ZAC
FATTO E DIRETTO DA ZAC
FATTO E DIRETTO DA ZAC
FATTO E DIRETTO DA ZAC
FATTO E DIRETTO DA ZAC
FATTO E DIRETTO DA ZAC
FATTO E DIRETTO DA ZAC",['techno']
https://cdn.discordapp.com/attachments/1135911532732108921/1182285620312285274/chirp.mp4?ex=65842449&amp,"FATTO E DIRETTO DA ZAC
FATTO E DIRETTO DA ZAC
FATTO E DIRETTO DA ZAC
FATTO E DIRETTO DA ZAC
FATTO E DIRETTO DA ZAC
FATTO E DIRETTO DA ZAC
FATTO E DIRETTO DA ZAC
FATTO E DIRETTO DA ZAC",['techno']
https://cdn.discordapp.com/attachments/1135911532732108921/1182285620777865377/chirp.mp4?ex=65842449&amp,"FATTO E DIRETTO DA ZAC
FATTO E DIRETTO DA ZAC
FATTO E DIRETTO DA ZAC
FATTO E DIRETTO DA ZAC
FATTO E DIRETTO DA ZAC
FATTO E DIRETTO DA ZAC
FATTO E DIRETTO DA ZAC
FATTO E DIRETTO DA ZAC",['techno']
https://cdn.discordapp.com/attachments/1135911532732108921/1182285957051973632/chirp.mp4?ex=65842499&amp,"FATTO E DIRETTO DA ZAC
FATTO E DIRETTO DA ZAC
FATTO E DIRETTO DA ZAC",['melodic piano']
https://cdn.discordapp.com/attachments/1135911532732108921/1182285957668556901/chirp.mp4?ex=6584249a&amp,"FATTO E DIRETTO DA ZAC
FATTO E DIRETTO DA ZAC
FATTO E DIRETTO DA ZAC",['melodic piano']
https://cdn.discordapp.com/attachments/1135911532732108921/1182286030611689574/chirp.mp4?ex=658424ab&amp,"Ирина Юрьевна! Поздравляю с Днём Рожденья!
Пусть блестят от радости глаза,

Вам желаю крепкого здоровья,
Долгих лет, неутомимых сил.
Чтобы жизнь была Ваша спокойна,
Только праздник в дом Ваш заходил.

На года Вы, тёща, не ропщите,
Не сдавайтесь в их жестокий плен,
В каждом дне прекрасное ищите,
Пусть не будет горя и проблем!

Карина и Арсений Вас тоже поздравляют,
Счастья, радости в жизни Вам желают.",['techno']
https://cdn.discordapp.com/attachments/1135911532732108921/1182286031165345902/chirp.mp4?ex=658424ab&amp,"Ирина Юрьевна! Поздравляю с Днём Рожденья!
Пусть блестят от радости глаза,

Вам желаю крепкого здоровья,
Долгих лет, неутомимых сил.
Чтобы жизнь была Ваша спокойна,
Только праздник в дом Ваш заходил.

На года Вы, тёща, не ропщите,
Не сдавайтесь в их жестокий плен,
В каждом дне прекрасное ищите,
Пусть не будет горя и проблем!

Карина и Арсений Вас тоже поздравляют,
Счастья, радости в жизни Вам желают.",['techno']
https://cdn.discordapp.com/attachments/1135911532732108921/1182286084298776586/chirp.mp4?ex=658424b8&amp,"FATTO E DIRETTO DA ZAC
FATTO E DIRETTO DA ZAC
FATTO E DIRETTO DA ZAC
FATTO E DIRETTO DA ZAC
FATTO E DIRETTO DA ZAC
FATTO E DIRETTO DA ZAC
FATTO E DIRETTO DA ZAC",['random']
https://cdn.discordapp.com/attachments/1135911532732108921/1182286084747558982/chirp.mp4?ex=658424b8&amp,"FATTO E DIRETTO DA ZAC
FATTO E DIRETTO DA ZAC
FATTO E DIRETTO DA ZAC
FATTO E DIRETTO DA ZAC
FATTO E DIRETTO DA ZAC
FATTO E DIRETTO DA ZAC
FATTO E DIRETTO DA ZAC",['random']
https://cdn.discordapp.com/attachments/1135911532732108921/1182286481331601459/chirp.mp4?ex=65842516&amp,"Ирина Юрьевна! Поздравляю с Днём Рожденья!
Пусть блестят от радости глаза,

Вам желаю крепкого здоровья,
Долгих лет, неутомимых сил.
Чтобы жизнь была Ваша спокойна,
Только праздник в дом Ваш заходил.

На года Вы, тёща, не ропщите,
Не сдавайтесь в их жестокий плен,
В каждом дне прекрасное ищите,
Пусть не будет горя и проблем!

Карина и Арсений Вас тоже поздравляют,
Счастья, радости в жизни Вам желают.

[verse]
Мелодичная песня, звучит на русском языке
Слова льются, как река, звуки играют в тишине
Любовь и мечты, пронизывая сердца
Она нежно звучит, ласкает нас во мгновение

[chorus]
О-о-о, петь, петь, моя душа смеется
О-о-о, танцевать, счастливые мгновения",['funk']
https://cdn.discordapp.com/attachments/1135911532732108921/1182286481889439775/chirp.mp4?ex=65842517&amp,"Ирина Юрьевна! Поздравляю с Днём Рожденья!
Пусть блестят от радости глаза,

Вам желаю крепкого здоровья,
Долгих лет, неутомимых сил.
Чтобы жизнь была Ваша спокойна,
Только праздник в дом Ваш заходил.

На года Вы, тёща, не ропщите,
Не сдавайтесь в их жестокий плен,
В каждом дне прекрасное ищите,
Пусть не будет горя и проблем!

Карина и Арсений Вас тоже поздравляют,
Счастья, радости в жизни Вам желают.

[verse]
Мелодичная песня, звучит на русском языке
Слова льются, как река, звуки играют в тишине
Любовь и мечты, пронизывая сердца
Она нежно звучит, ласкает нас во мгновение

[chorus]
О-о-о, петь, петь, моя душа смеется
О-о-о, танцевать, счастливые мгновения",['funk']
https://cdn.discordapp.com/attachments/1135911532732108921/1182286546368479232/chirp.mp4?ex=65842526&amp,"Aujourd'hui on est là pour fêter ton anniversaire 
Alison 30 ça se fête.
Bouteille de champagne à la main, Lisa et Chloé sont là sur cette journée pour t'accompagner. 
la journée ne fait que commencer. 
Joyeux anniversaire alison !! 
30 ans ça se fête ! 
Sexe alcool est drogue aujourd'hui tout est permis. 
C'est pour toi, c'est ta surprise mais qu'est ce qui t'attend pour la suite. 
une journée entre fille pour s'amuser et fêtez ça. 
Joyeux anniversaire Alison. 
30 ans c'est qu'une fois et ça se fête. 
immortalisons cette journée pour toujours s'en rappeler. 
Gros dossier en fin de soirée pour en rigoler. 
ce soir tu vas boire et danser en soirée ça va t'emmener. Sur le dance floor Alison Lisa et Chloé pour s'ambiances",['pop']
https://cdn.discordapp.com/attachments/1135911532732108921/1182286546947289198/chirp.mp4?ex=65842526&amp,"Aujourd'hui on est là pour fêter ton anniversaire 
Alison 30 ça se fête.
Bouteille de champagne à la main, Lisa et Chloé sont là sur cette journée pour t'accompagner. 
la journée ne fait que commencer. 
Joyeux anniversaire alison !! 
30 ans ça se fête ! 
Sexe alcool est drogue aujourd'hui tout est permis. 
C'est pour toi, c'est ta surprise mais qu'est ce qui t'attend pour la suite. 
une journée entre fille pour s'amuser et fêtez ça. 
Joyeux anniversaire Alison. 
30 ans c'est qu'une fois et ça se fête. 
immortalisons cette journée pour toujours s'en rappeler. 
Gros dossier en fin de soirée pour en rigoler. 
ce soir tu vas boire et danser en soirée ça va t'emmener. Sur le dance floor Alison Lisa et Chloé pour s'ambiances",['pop']
https://cdn.discordapp.com/attachments/1135911532732108921/1182286562126475294/chirp.mp4?ex=6584252a&amp,"Beneath the city lights, dreams take flight,
(2) Freedom in the air, shining just as bright.
(3) Streets alive with stories, never to be told,
(4) In the heart of the city, a melody unfolds.

(5) Sunset whispers secrets, memories align,
(6) This American dream, every moment, divine.
(7) Dancing with the sunrise, singing through the night,
(8) Love in America, an endless, timeless light.",['House']
https://cdn.discordapp.com/attachments/1135911532732108921/1182286562604634112/chirp.mp4?ex=6584252a&amp,"Beneath the city lights, dreams take flight,
(2) Freedom in the air, shining just as bright.
(3) Streets alive with stories, never to be told,
(4) In the heart of the city, a melody unfolds.

(5) Sunset whispers secrets, memories align,
(6) This American dream, every moment, divine.
(7) Dancing with the sunrise, singing through the night,
(8) Love in America, an endless, timeless light.",['House']
https://cdn.discordapp.com/attachments/1135911532732108921/1182286584557609060/chirp.mp4?ex=6584252f&amp,"[Intro]
Botta, Botta, Botta,
le football au bout des doigts (ah-ah)

[Verse]
Hey t'es prêt pour la BOTTA ?
tu connais pas ? c'est un jeu qui rend fada
inventé pour les fou de la pélota
La BOTTA le football au bout des doigts
Avec ceux que tu aime ou que tu n'aime pas
Aucune chance tu vas gagner par tes choix
Donc viens t'amuser à la BOTTA
Le jeu de l'année demande à Maradonna (ah-ah)

[Chorus]
Viens jouer à la BOTTA !!!
Le football au bout des doigts
BOTTA ! BOTTA ! BOTTA ! 
Le jeu que tu aimes déjà
Viens jouer à la BOTTA !!!
Le football au bout des doigts
BOTTA ! BOTTA ! BOTTA !
Le jeu que tu aimes déjà

[Outro]
Botta, le football au bout des doigts
Botta, le football au bout des doigts",['Rap']
https://cdn.discordapp.com/attachments/1135911532732108921/1182286585241288704/chirp.mp4?ex=6584252f&amp,"[Intro]
Botta, Botta, Botta,
le football au bout des doigts (ah-ah)

[Verse]
Hey t'es prêt pour la BOTTA ?
tu connais pas ? c'est un jeu qui rend fada
inventé pour les fou de la pélota
La BOTTA le football au bout des doigts
Avec ceux que tu aime ou que tu n'aime pas
Aucune chance tu vas gagner par tes choix
Donc viens t'amuser à la BOTTA
Le jeu de l'année demande à Maradonna (ah-ah)

[Chorus]
Viens jouer à la BOTTA !!!
Le football au bout des doigts
BOTTA ! BOTTA ! BOTTA ! 
Le jeu que tu aimes déjà
Viens jouer à la BOTTA !!!
Le football au bout des doigts
BOTTA ! BOTTA ! BOTTA !
Le jeu que tu aimes déjà

[Outro]
Botta, le football au bout des doigts
Botta, le football au bout des doigts",['Rap']
https://cdn.discordapp.com/attachments/1135911532732108921/1182286690073718804/chirp.mp4?ex=65842548&amp,"[verse]
Ece, bir liseli kız, yıldız gibi parlar
Okul koridorunda adı hep anılır
Bakışları sarsar, herkes onun peşinde
Baştan çıkarır, dillerde hep şarkısı

[chorus]
Ece, bir liseli kız, hepimizin hayali
Kafaları karıştırır, gözlerde büyülenir
Ece, bir liseli kız, herkesin derdi aşk
Haydi hep birlikte şarkısını söyleyelim",['Rap']
https://cdn.discordapp.com/attachments/1135911532732108921/1182286690799325196/chirp.mp4?ex=65842548&amp,"[verse]
Ece, bir liseli kız, yıldız gibi parlar
Okul koridorunda adı hep anılır
Bakışları sarsar, herkes onun peşinde
Baştan çıkarır, dillerde hep şarkısı

[chorus]
Ece, bir liseli kız, hepimizin hayali
Kafaları karıştırır, gözlerde büyülenir
Ece, bir liseli kız, herkesin derdi aşk
Haydi hep birlikte şarkısını söyleyelim",['Rap']
https://cdn.discordapp.com/attachments/1135911532732108921/1182286870537842699/chirp.mp4?ex=65842573&amp,"[verse]
Ece, bir liseli kız, yıldız gibi parlar
Okul koridorunda adı hep anılır
Bakışları sarsar, herkes onun peşinde
Baştan çıkarır, dillerde hep şarkısı

[chorus]
Ece, bir liseli kız, hepimizin hayali
Kafaları karıştırır, gözlerde büyülenir
Ece, bir liseli kız, herkesin derdi aşk
Haydi hep birlikte şarkısını söyleyelim",['Rap']
https://cdn.discordapp.com/attachments/1135911532732108921/1182286871183761470/chirp.mp4?ex=65842573&amp,"[verse]
Ece, bir liseli kız, yıldız gibi parlar
Okul koridorunda adı hep anılır
Bakışları sarsar, herkes onun peşinde
Baştan çıkarır, dillerde hep şarkısı

[chorus]
Ece, bir liseli kız, hepimizin hayali
Kafaları karıştırır, gözlerde büyülenir
Ece, bir liseli kız, herkesin derdi aşk
Haydi hep birlikte şarkısını söyleyelim",['Rap']
https://cdn.discordapp.com/attachments/1135911532732108921/1182286887256342558/chirp.mp4?ex=65842577&amp,"Aujourd'hui on est là pour fêter ton anniversaire 
Alison 30 ça se fête.
Bouteille de champagne à la main, Lisa et Chloé sont là sur cette journée pour t'accompagner, la journée ne fait que commencer. 
Joyeux anniversaire alison !! 
Sexe alcool est drogue aujourd'hui c'est la fête.<br>C'est pour toi, c'est ta surprise, une journée entre fille pour s'amuser et fêtez ça. 
Joyeux anniversaire Alison. 
immortalisons cette journée pour toujours s'en rappeler. 
Gros dossier en fin de soirée pour en rigoler. 
ce soir tu vas boire et danser en soirée ça va t'emmener. Sur le dance floor Alison Lisa et Chloé pour s'ambiancer.",['Pop']
https://cdn.discordapp.com/attachments/1135911532732108921/1182286887881277440/chirp.mp4?ex=65842577&amp,"Aujourd'hui on est là pour fêter ton anniversaire 
Alison 30 ça se fête.
Bouteille de champagne à la main, Lisa et Chloé sont là sur cette journée pour t'accompagner, la journée ne fait que commencer. 
Joyeux anniversaire alison !! 
Sexe alcool est drogue aujourd'hui c'est la fête.<br>C'est pour toi, c'est ta surprise, une journée entre fille pour s'amuser et fêtez ça. 
Joyeux anniversaire Alison. 
immortalisons cette journée pour toujours s'en rappeler. 
Gros dossier en fin de soirée pour en rigoler. 
ce soir tu vas boire et danser en soirée ça va t'emmener. Sur le dance floor Alison Lisa et Chloé pour s'ambiancer.",['Pop']
https://cdn.discordapp.com/attachments/1135911532732108921/1182287065308737566/chirp.mp4?ex=658425a2&amp,"Aujourd'hui on est là pour fêter ton anniversaire 
Alison 30 ça se fête.
Bouteille de champagne à la main, Lisa et Chloé sont là sur cette journée pour t'accompagner, la journée ne fait que commencer. 
Joyeux anniversaire alison !! 
Sexe alcool est drogue aujourd'hui c'est la fête.<br>C'est pour toi, c'est ta surprise, une journée entre fille pour s'amuser et fêtez ça. 
Joyeux anniversaire Alison. 
immortalisons cette journée pour toujours s'en rappeler. 
Gros dossier en fin de soirée pour en rigoler. 
ce soir tu vas boire et danser en soirée ça va t'emmener. Sur le dance floor Alison Lisa et Chloé pour s'ambiancer.",['Pop']
https://cdn.discordapp.com/attachments/1135911532732108921/1182287039127891999/chirp.mp4?ex=6584259b&amp,"[Verse]
Cristina and her loyal friend Ron
Together they'll conquer the world, from dusk till dawn
Through ups and downs, they stand strong
A bond so tight, a love that's never gone

[Chorus]
Oh, Cristina and Ron, their love shines so bright
They're inseparable, like day and night
In each other's hearts, they find pure delight
Una canción de amor, unidos para siempre en su sentir",['lofi pure music']
https://cdn.discordapp.com/attachments/1135911532732108921/1182287039769628733/chirp.mp4?ex=6584259c&amp,"[Verse]
Cristina and her loyal friend Ron
Together they'll conquer the world, from dusk till dawn
Through ups and downs, they stand strong
A bond so tight, a love that's never gone

[Chorus]
Oh, Cristina and Ron, their love shines so bright
They're inseparable, like day and night
In each other's hearts, they find pure delight
Una canción de amor, unidos para siempre en su sentir",['lofi pure music']
